Target,RMSE,MAE,R2
pm10,14.382283730558001,11.373295203040326,0.48242795204365807
pm2_5,13.486443327699275,9.091909292223642,0.5112231927387723
temp_avg,0.0877943806494156,0.04775461637056781,0.9989507266881255
temp_min,0.09740441306506761,0.050891535832331615,0.9989406829637244
temp_max,0.1673930559982249,0.08633172780395994,0.996051551264668
humidity,0.3769320924987424,0.2648620160678139,0.9943462266695933
rainfall,2.7325604187173766,0.6445329295051296,0.9456913401949368
wind_speed,0.12019735533266232,0.05319862172671174,0.9950137696584493
