Target,RMSE,MAE,R2
pm10,15.26148141141297,12.201308382989263,0.4172148277844878
pm2_5,15.133959386265074,10.098603408185415,0.3845102072418215
temp_avg,0.09551004573165947,0.05405029420427941,0.9987581953151027
temp_min,0.08491362744164703,0.05018604324896806,0.9991949488452372
temp_max,0.09440168165643874,0.046795282402501845,0.9987442271504289
humidity,0.4016777132446672,0.2904591178121834,0.9935795179833906
rainfall,3.086392756494453,0.6748087357128225,0.9307161646022601
wind_speed,0.13176598176078982,0.05199790765399391,0.9940077611318465
