Target,RMSE,MAE,R2
pm10,13.296489871798647,10.469643079317533,0.5576264790624361
pm2_5,11.207484037012405,7.836961985342254,0.6624547626323116
temp_avg,0.08248771039493241,0.04425934949867144,0.9990737383440664
temp_min,0.06909017263227178,0.04609142349799159,0.9994670318641327
temp_max,0.12744591292302868,0.07410527557496603,0.9977112231468895
humidity,0.35756486345945176,0.24525219257061287,0.9949122960330908
rainfall,2.77219582782476,0.6252427296939133,0.9441044350165437
wind_speed,0.12681570686999458,0.056571858981360315,0.9944495447383495
