{"pm2_5": 26.531364644368516, "pm10": 23.741421000162767}